{
    "mean_reward": [
        0.00016347631892288828,
        0.034033254712475924,
        -0.0009218959808971525
    ],
    "mean_ue_rate": 0.0045910629296283395,
    "mean_eve_rate": 0.020272741267322873,
    "mean_LoS_prob": 0.18359375
}