{
    "mean_reward": 0.0061758096889698,
    "mean_ue_rate": 0.038686918846704936,
    "mean_eve_rate": 0.03394767147638071
}