{
    "mean_reward": [
        0.00016347631892288828,
        0.034033254712475924,
        -0.0009218959808971525
    ],
    "mean_ue_rate": [
        0.008561535556340595,
        0.05445989586189218,
        0.005844512526192307
    ],
    "mean_eve_rate": [
        0.010970808874390982,
        0.04341774713865645,
        0.006429667788921186
    ],
    "mean_LoS_prob": [
        